,GeneralFertilityRate,Malelifeexpectancy,Femalelifeexpectancy,Children,Greaterthan65,nonwhite,NotBorninUK,NotEnglishspeaking,District,Ward
0,63.8,81.2,82.4,18.317025440313103,21.9,4.8,6.1,0.4,Bromley,Darwin
1,52.3,80.5,89.6,12.851627137341401,20.1,15.4,44.8,16.7,Kensington and Chelsea,Royal Hospital
2,55.8,78.3,82.3,19.2458440329774,17.0,12.5,13.3,3.1,Hillingdon,Harefield
3,40.0,80.9,89.0,18.3348924228251,14.7,15.0,34.1,8.2,Hammersmith and Fulham,Palace Riverside
4,40.4,82.1,85.7,13.3176654915785,11.8,22.1,51.2,20.2,Kensington and Chelsea,Pembridge
5,51.8,83.2,89.7,15.582621798091399,15.3,32.5,44.4,17.2,Kensington and Chelsea,Cremorne
6,33.3,82.2,83.1,10.7501838685952,15.4,21.8,41.1,15.1,Westminster,Tachbrook
7,51.5,82.2,85.0,15.590608950843698,12.5,21.4,52.8,18.3,Kensington and Chelsea,Campden
8,48.2,81.2,82.8,14.5840967387321,14.5,19.0,48.7,19.3,Kensington and Chelsea,Stanley
9,53.3,78.0,88.4,14.0981258206995,9.7,34.0,44.4,15.5,Kensington and Chelsea,Colville
10,49.7,82.6,86.3,19.1025792015075,19.3,17.1,34.0,8.3,Merton,Village
11,73.9,87.0,88.6,17.4755043227666,14.8,25.6,40.7,14.4,Kensington and Chelsea,Norland
12,58.9,79.0,87.4,20.615490218510498,14.5,15.0,17.2,5.0,Kingston upon Thames,Chessington North and Hook
13,48.2,98.1,92.3,12.590991810737,14.6,23.5,55.6,24.8,Kensington and Chelsea,Hans Town
14,47.3,84.8,90.5,14.0513632763887,13.0,24.4,61.7,26.8,Kensington and Chelsea,Brompton
15,49.6,83.5,92.2,12.5153923653868,9.1,24.8,61.4,28.3,Kensington and Chelsea,Courtfield
16,51.9,85.8,86.0,18.6639812017456,10.2,52.1,46.1,16.9,Kensington and Chelsea,Golborne
17,74.1,79.1,83.9,19.3444085182295,17.7,41.4,37.3,12.7,Kingston upon Thames,St. James
18,60.0,81.0,91.7,13.8242174445806,13.7,21.7,41.6,11.3,Merton,Hillside
19,67.7,80.1,86.6,19.1859185918592,15.2,21.9,22.1,5.9,Merton,Lower Morden
20,44.9,82.2,92.6,11.4674868189807,8.8,35.4,61.0,29.6,Kensington and Chelsea,Earl's Court
21,46.5,74.4,83.1,20.3596730245232,8.7,50.0,45.7,19.5,Hammersmith and Fulham,College Park and Old Oak
22,46.9,81.7,89.1,15.110870740941,10.2,18.8,53.4,21.6,Kensington and Chelsea,Redcliffe
23,55.1,80.8,84.4,20.8630759247242,14.8,29.8,27.2,8.2,Kingston upon Thames,Alexandra
24,66.9,79.7,83.6,17.7316466645043,15.8,25.4,29.6,7.7,Merton,Cannon Hill
25,30.9,89.9,93.4,11.4670981661273,13.2,30.4,59.6,23.9,Westminster,Knightsbridge and Belgravia
26,77.3,80.0,90.1,16.485175202156302,9.8,18.1,35.6,7.3,Merton,Dundonald
27,59.5,78.9,82.3,19.0516964572407,11.2,37.6,37.8,13.5,Kensington and Chelsea,St. Charles
28,40.7,80.7,95.1,10.7161916960188,11.3,24.0,43.9,15.9,Westminster,Warwick
29,47.3,80.7,87.3,19.250026632577,15.7,16.3,20.1,5.4,Richmond upon Thames,Hampton North
30,62.6,82.4,85.9,19.870639380765603,15.7,30.8,27.3,8.4,Kingston upon Thames,Old Malden
31,60.4,78.4,83.9,16.9227508742185,14.9,18.1,24.1,6.9,Kingston upon Thames,Berrylands
32,57.1,84.5,88.5,19.5044807590933,14.6,29.2,35.5,10.1,Merton,Merton Park
33,67.1,78.9,84.7,20.1740589283842,11.4,42.7,41.6,14.6,Kensington and Chelsea,Notting Barns
34,61.7,82.5,86.4,22.937982877427398,13.6,17.6,23.9,6.1,Kingston upon Thames,Tudor
35,85.8,77.2,81.7,14.8765496405876,17.5,24.4,29.4,9.7,Sutton,Sutton South
36,46.0,74.6,81.9,20.1289249324184,12.8,39.4,44.4,17.4,Westminster,Churchill
37,38.2,78.0,84.0,11.452196382428902,8.7,42.0,43.0,13.7,Lambeth,Bishop's
38,53.7,80.2,82.0,20.9264024704066,15.3,16.7,13.9,2.4,Sutton,Carshalton South and Clockhouse
39,82.3,80.0,83.8,19.172314643664,13.7,19.8,33.4,8.7,Merton,Raynes Park
40,51.4,80.2,85.3,21.2410256410256,13.3,33.4,33.5,11.1,Kingston upon Thames,Coombe Vale
41,76.8,79.7,85.8,19.3396226415094,16.3,21.5,23.3,6.7,Richmond upon Thames,Whitton
42,72.6,90.4,86.1,18.2143954131258,11.0,32.0,56.7,20.9,Kensington and Chelsea,Holland
43,93.8,80.6,83.9,16.932026944274302,8.2,22.2,36.1,9.8,Merton,Trinity
44,91.8,82.9,85.6,18.245721271393602,10.9,57.5,54.1,23.1,Merton,Graveney
45,48.2,83.0,87.9,18.526058631921803,19.7,15.6,16.0,3.6,Bromley,Shortlands
46,74.0,80.3,89.7,20.4617105664599,12.9,27.2,26.1,8.0,Kingston upon Thames,Tolworth and Hook Rise
47,94.1,76.8,81.8,26.222177050513302,11.2,30.9,23.3,6.6,Barking and Dagenham,Parsloes
48,50.7,94.5,86.6,14.3698588402559,9.4,28.7,63.2,24.9,Kensington and Chelsea,Queen's Gate
49,82.0,82.9,82.4,20.4421009937132,13.4,30.0,33.7,9.3,Merton,West Barnes
50,101.1,72.6,78.0,25.6916996047431,12.1,31.5,23.3,7.1,Barking and Dagenham,Valence
51,60.0,82.2,86.2,18.952869058386103,16.3,4.1,5.1,0.5,Bromley,Biggin Hill
52,93.2,78.0,81.4,21.2479935794543,13.5,38.9,36.0,13.1,Merton,Ravensbury
53,78.5,81.1,86.6,19.339008512769198,15.8,11.3,16.7,4.0,Richmond upon Thames,Hampton
54,74.1,82.5,87.0,18.4740162210874,10.3,9.7,18.8,4.0,Richmond upon Thames,South Twickenham
55,70.0,76.6,81.2,22.4091318714329,14.0,18.4,15.1,3.6,Bromley,Mottingham and Chislehurst North
56,39.0,80.3,90.4,14.4873848618342,12.6,29.3,44.6,17.0,Westminster,Vincent Square
57,62.2,84.6,87.1,15.469889144112699,11.7,32.6,59.6,26.1,Kensington and Chelsea,Abingdon
58,76.7,78.9,82.7,24.508532082626502,15.6,37.9,24.8,6.5,Barking and Dagenham,Chadwell Heath
59,74.1,78.2,84.0,21.638068635275303,10.8,58.2,42.0,14.5,Merton,Longthornton
60,62.5,80.7,84.9,18.112906443247603,19.8,38.0,31.7,7.5,Harrow,Pinner
61,60.5,82.9,85.4,19.0656439884451,13.7,13.7,15.0,3.7,Sutton,Carshalton Central
62,65.5,78.6,82.1,17.7945859872611,16.4,22.2,22.1,4.8,Sutton,Belmont
63,47.6,81.3,85.4,18.1809174675518,16.4,52.6,37.0,9.1,Harrow,Headstone North
64,67.4,76.2,78.2,18.7691698822598,9.1,31.0,34.1,13.6,Kingston upon Thames,Norbiton
65,66.1,76.8,80.0,20.664754179444103,12.9,32.6,32.4,13.3,Kingston upon Thames,Beverley
66,69.6,78.4,80.7,21.133155660843002,12.5,9.9,16.7,4.0,Richmond upon Thames,Fulwell and Hampton Hill
67,63.8,77.5,83.9,,,,,,Sutton,The Wrythe
68,53.0,78.0,81.7,18.2058823529412,17.3,21.3,18.5,4.3,Sutton,Wallington South
69,71.6,87.6,88.8,17.8844270323213,9.2,37.6,49.0,15.2,Westminster,Maida Vale
70,60.9,79.7,84.4,20.438313276587397,13.3,11.4,20.3,4.5,Richmond upon Thames,Hampton Wick
71,60.9,80.0,83.3,20.6802189210321,13.5,13.0,14.3,3.9,Kingston upon Thames,Chessington South
72,76.2,80.8,80.9,20.3056556020637,7.3,46.8,46.1,19.6,Merton,Lavender Fields
73,46.3,82.3,83.0,19.8249878463782,19.7,21.2,18.6,3.3,Sutton,Cheam
74,35.7,92.7,93.7,13.7079525568734,5.6,54.7,50.7,24.6,Tower Hamlets,Spitalfields and Banglatown
75,81.0,80.2,85.2,24.1178186060076,10.5,56.4,35.9,9.4,Merton,Pollards Hill
76,60.6,77.7,84.4,17.663069894040998,21.8,14.7,13.1,3.0,Waltham Forest,Chingford Green
77,64.0,82.3,84.8,20.4000388387222,14.7,14.3,32.2,8.3,Richmond upon Thames,Barnes
78,43.2,91.6,85.1,11.747572815534001,9.7,31.1,56.1,23.9,Westminster,Bayswater
79,69.2,79.3,83.0,20.6906586477835,13.3,23.5,16.6,3.8,Sutton,Beddington North
80,80.0,80.2,82.3,20.1687190924076,14.8,30.4,26.6,8.7,Richmond upon Thames,Heathfield
81,68.8,78.3,86.4,19.1237762915576,16.7,15.9,30.5,7.6,Richmond upon Thames,"Ham, Petersham and Richmond Riverside"
82,52.6,80.0,81.0,15.7318608931512,8.5,26.6,38.3,12.5,Merton,Abbey
83,51.9,81.9,83.4,18.9351403678606,13.6,8.9,17.8,4.1,Richmond upon Thames,Teddington
84,104.5,76.6,82.2,27.1030748404564,10.8,31.2,25.0,8.2,Barking and Dagenham,Mayesbrook
85,85.9,84.5,88.5,22.9029764205644,13.9,9.3,23.6,5.5,Richmond upon Thames,East Sheen
86,60.5,76.9,82.9,20.1352003862868,16.5,21.9,21.1,6.1,Sutton,Sutton North
87,43.9,80.4,83.0,18.818190595732396,14.4,35.5,40.6,13.9,Kingston upon Thames,Coombe Hill
88,36.5,84.4,83.9,8.527879606405559,11.7,27.8,58.5,21.8,Westminster,Marylebone High Street
89,60.8,81.4,82.6,20.302708955943302,13.0,55.8,42.9,14.4,Harrow,West Harrow
90,103.7,76.3,80.9,26.4034665382764,10.4,29.9,24.7,7.9,Barking and Dagenham,Alibon
91,57.1,81.9,85.4,18.638682969096,19.9,21.8,15.9,2.8,Hillingdon,Ickenham
92,73.8,78.4,81.0,17.131589072720303,12.4,10.3,26.8,7.2,Richmond upon Thames,Twickenham Riverside
93,47.9,74.2,81.7,21.992499278776805,12.3,24.6,21.3,6.4,Greenwich,Eltham West
94,61.1,82.7,93.1,21.160311209297898,17.1,40.6,29.4,6.8,Harrow,Pinner South
95,98.3,78.6,81.6,21.5959285577108,13.3,35.0,33.0,11.7,Merton,St. Helier
96,61.0,78.6,85.8,18.9671722019581,18.2,9.8,8.0,1.3,Bexley,Barnehurst
97,53.7,80.9,82.5,16.973709460756098,20.7,21.1,18.8,3.8,Redbridge,Monkhams
98,52.5,79.6,81.3,16.2995594713656,21.7,9.4,9.9,2.1,Bexley,Longlands
99,54.2,79.1,81.9,16.703317716798903,13.5,19.0,25.0,7.0,Kingston upon Thames,Surbiton Hill
100,50.4,81.4,83.9,15.827681727003501,20.9,34.8,31.8,7.0,Hillingdon,Northwood
101,54.8,81.4,81.3,11.0750739292187,8.2,21.3,29.1,8.9,Kingston upon Thames,St. Mark's
102,61.2,80.7,92.6,18.139357544562,21.0,8.4,8.1,1.1,Bexley,St. Mary's
103,65.9,76.6,79.0,21.245002855511103,14.7,24.8,19.0,4.5,Barking and Dagenham,Eastbrook
104,88.4,79.2,83.4,21.789513677811602,11.7,16.0,21.1,4.4,Richmond upon Thames,West Twickenham
105,63.2,79.4,82.2,18.0713743356112,13.9,23.0,25.1,7.8,Sutton,Sutton West
106,43.9,80.4,84.9,17.2482457803907,20.9,13.1,10.4,1.6,Bexley,Brampton
107,38.1,93.2,99.6,7.9148936170212805,10.9,32.4,56.8,24.2,Westminster,West End
108,84.0,81.0,84.1,23.6501182033097,11.6,44.0,29.2,8.4,Barking and Dagenham,Whalebone
109,50.0,78.5,82.9,20.617097565578398,15.1,14.5,9.8,1.9,Bexley,Northumberland Heath
110,55.8,80.4,85.3,17.8588257468665,16.8,18.0,18.4,3.9,Hillingdon,West Ruislip
111,53.3,84.2,84.6,19.6590052750565,17.5,7.3,7.1,1.2,Bexley,Blackfen and Lamorbey
112,70.0,80.2,92.5,17.201166180758,9.8,35.6,52.6,19.9,Westminster,Little Venice
113,52.0,81.6,87.4,18.550888074429103,17.3,15.3,15.7,3.6,Sutton,Nonsuch
114,76.4,83.8,86.1,18.6590290168091,13.1,15.7,28.3,6.8,Richmond upon Thames,North Richmond
115,77.5,78.9,81.3,19.9154929577465,12.5,19.6,16.6,4.4,Sutton,Wallington North
116,59.6,76.9,83.7,22.039936251992103,13.9,28.8,20.1,4.2,Sutton,Beddington South
117,63.9,80.6,83.1,21.0693885195243,4.0,54.1,48.3,18.1,Newham,Royal Docks
118,55.3,82.0,84.3,18.685121107266397,19.8,43.3,33.0,9.1,Harrow,Hatch End
119,62.9,77.6,83.3,14.189693801344301,8.1,40.1,47.2,16.3,Merton,Colliers Wood
120,45.6,78.7,85.2,20.5843913368185,14.5,20.9,18.1,5.2,Sutton,Stonecot
121,115.1,79.2,84.2,30.275913497390004,6.9,54.9,37.2,11.2,Barking and Dagenham,Thames
122,54.9,80.4,84.4,18.611369990680302,16.9,22.4,17.5,3.8,Waltham Forest,Endlebury
123,56.3,77.4,81.5,17.8783382789318,12.1,16.2,26.1,7.0,Haringey,Muswell Hill
124,47.0,78.3,86.2,17.6263328697265,11.4,26.7,37.3,11.6,Hammersmith and Fulham,Ravenscourt Park
125,83.4,75.1,79.3,26.274800667532002,12.7,32.3,24.1,6.2,Barking and Dagenham,Heath
126,99.1,76.0,80.9,24.9559655140447,11.3,34.8,26.0,7.5,Barking and Dagenham,Village
127,58.1,78.2,82.8,19.111111111111104,15.7,15.4,12.4,2.6,Bexley,Falconwood and Welling
128,72.7,74.4,80.5,25.803166373483897,12.7,23.7,13.9,3.0,Croydon,New Addington
129,61.6,80.3,84.6,18.0430962730047,10.2,17.8,38.2,10.8,Hammersmith and Fulham,Parsons Green and Walham
130,55.2,78.7,83.6,16.5526802218115,14.0,13.1,33.0,8.5,Richmond upon Thames,South Richmond
131,37.2,80.4,86.4,8.7827853712597,11.0,28.8,49.0,20.0,Westminster,St. James's
132,43.7,76.4,78.8,15.815197344153399,20.0,10.1,10.6,2.2,Bexley,Sidcup
133,71.2,79.0,84.0,18.916927610978103,18.0,16.9,13.4,3.2,Bexley,East Wickham
134,53.6,79.8,84.3,18.501472754050102,17.5,16.2,13.2,3.1,Bexley,Danson Park
135,22.1,77.2,81.6,7.133676092544991,10.0,40.4,51.2,19.5,Camden,Bloomsbury
136,59.0,82.4,85.3,19.5325389550871,17.9,9.5,7.8,1.7,Bexley,Blendon and Penhill
137,96.8,77.8,85.5,19.791189669383602,12.0,11.7,25.6,5.2,Richmond upon Thames,Mortlake and Barnes Common
138,80.4,73.2,77.9,26.8515975464616,10.1,38.4,30.9,9.6,Barking and Dagenham,River
139,52.9,77.7,88.8,12.8617069831127,9.4,23.2,31.4,11.2,Kingston upon Thames,Grove
140,45.9,82.3,84.1,17.8183477863989,15.2,20.2,27.1,5.5,Camden,Highgate
141,61.9,77.8,80.9,18.1030551755586,18.3,13.4,11.5,2.3,Bexley,Christchurch
142,78.5,75.7,80.3,18.7573910670427,11.5,24.1,26.9,99.7,Sutton,Sutton Central
143,50.4,76.2,79.4,13.5049108766824,10.3,29.9,43.9,15.6,Hammersmith and Fulham,Fulham Broadway
144,54.5,85.3,84.5,15.0672482733551,8.4,19.3,38.3,10.7,Hammersmith and Fulham,Munster
145,73.8,78.6,82.9,20.2930005425936,16.1,22.2,16.5,4.4,Waltham Forest,Hatch Lane
146,41.0,77.9,83.9,14.435127580921499,6.2,38.2,42.7,18.6,Hackney,Brownswood
147,66.2,77.2,85.7,25.5541539016039,9.2,62.0,43.3,13.4,Hackney,King's Park
148,64.9,82.1,85.0,20.631067961164998,13.9,65.5,48.0,17.6,Harrow,Rayners Lane
149,85.7,78.2,80.2,22.1872753414809,14.5,17.7,12.3,2.0,Bexley,Colyers
150,56.4,83.2,88.4,22.1463852716659,13.7,17.3,11.6,2.4,Bexley,St. Michael's
151,73.0,80.0,89.5,20.3682083520431,12.0,56.5,44.2,15.9,Harrow,Headstone South
152,60.4,78.2,85.9,18.737654875202,12.4,73.4,57.1,24.7,Harrow,Kenton East
153,61.7,84.1,94.5,21.8403150733978,9.5,12.3,23.3,4.8,Richmond upon Thames,St. Margarets and North Twickenham
154,64.8,82.0,86.6,17.9092455025508,14.3,72.6,51.3,20.4,Harrow,Kenton West
155,81.1,84.7,86.1,21.2021077074216,8.2,20.4,32.9,8.4,Merton,Wimbledon Park
156,47.3,78.8,81.1,16.6502990804392,7.2,22.7,40.5,11.9,Hammersmith and Fulham,Town
157,61.7,76.9,79.5,20.5139644864817,17.6,11.0,9.9,2.3,Bexley,Cray Meadows
158,64.2,77.4,87.5,21.6907179761268,14.6,11.7,10.0,1.9,Bexley,Crayford
159,67.4,80.2,81.1,17.3479383738534,22.4,43.3,34.5,8.8,Harrow,Stanmore Park
160,114.6,75.9,80.2,23.113879003558697,9.3,57.4,44.9,16.3,Merton,Figge's Marsh
161,68.5,81.5,85.1,17.4577777777778,14.0,35.4,56.9,20.4,Westminster,Abbey Road
162,53.7,74.9,82.5,19.602272727272698,12.2,30.1,34.9,10.4,Camden,Gospel Oak
163,97.4,79.3,81.4,26.5643028312772,10.0,33.3,26.8,7.7,Barking and Dagenham,Goresbrook
164,57.5,82.7,86.6,17.4977817213842,15.9,20.0,40.9,10.4,Camden,Hampstead Town
165,40.9,82.0,92.7,12.603927118344199,8.5,30.5,43.6,14.0,Hammersmith and Fulham,Fulham Reach
166,71.4,77.5,83.6,19.978830378407,15.3,31.2,21.8,6.3,Waltham Forest,Larkswood
167,81.1,82.1,85.5,21.246583796173898,13.0,58.7,41.6,13.2,Harrow,Belmont
168,52.3,78.7,83.6,18.3324519654504,11.3,18.8,34.0,9.8,Hounslow,Chiswick Homefields
169,75.5,79.6,84.3,20.9236735413362,15.6,31.0,23.3,5.0,Bexley,Lesnes Abbey
170,75.5,80.2,84.3,22.7300748568912,11.4,33.1,21.8,5.9,Waltham Forest,Hale End and Highams Park
171,65.1,80.6,85.7,19.743319268635698,17.1,48.3,36.7,10.5,Harrow,Harrow Weald
172,94.0,75.5,81.4,23.424609443566798,11.0,62.6,46.9,18.3,Harrow,Wealdstone
173,72.7,77.7,82.4,20.468092566619898,12.0,30.8,28.5,10.9,Hounslow,Hanworth Park
174,60.7,83.6,88.7,19.3110098176718,12.5,45.1,38.7,13.2,Hounslow,Hounslow South
175,66.7,79.0,88.4,20.1556488282616,13.9,15.3,30.2,7.6,Richmond upon Thames,Kew
176,53.6,80.0,83.1,20.241216570529602,15.7,16.0,16.2,3.6,Hillingdon,Manor
177,75.2,77.5,80.9,21.1464522894093,13.4,38.4,25.6,7.9,Waltham Forest,Valley
178,52.2,77.9,83.8,14.9807826694619,12.9,23.2,39.9,12.8,Hounslow,Turnham Green
179,120.0,78.5,87.0,23.3135785253617,10.8,47.5,39.5,14.5,Merton,Cricket Green
180,98.4,76.5,82.4,22.9656734622757,11.6,57.4,33.3,11.9,Barking and Dagenham,Longbridge
181,78.1,75.4,78.6,31.1089816186079,10.1,34.4,19.3,4.1,Croydon,Fieldway
182,29.2,77.6,84.9,12.236727589208,8.2,29.3,38.5,12.6,Islington,Clerkenwell
183,67.5,81.4,84.6,18.2354984369573,11.9,26.5,22.1,5.8,Redbridge,Church End
184,49.4,78.8,88.6,14.5598194130926,7.2,27.9,44.1,15.8,Hammersmith and Fulham,Addison
185,76.7,85.4,82.2,18.7559559906437,11.8,19.1,30.3,8.9,Hounslow,Chiswick Riverside
186,70.2,79.9,84.3,19.3797106471455,14.5,30.0,22.8,5.7,Redbridge,Wanstead
187,67.4,75.3,81.0,25.4395842355998,9.5,41.2,30.1,10.5,Barking and Dagenham,Becontree
188,47.0,73.6,82.4,13.6674456851034,9.6,25.3,33.1,10.0,Islington,St. Mary's
189,58.2,74.5,81.9,18.499610625594897,8.3,51.8,43.8,13.7,Southwark,East Walworth
190,84.3,73.5,77.3,19.9688662111909,13.6,38.9,35.7,14.1,Hounslow,Feltham North
191,89.6,74.0,79.0,26.8026975618191,10.6,27.0,18.8,3.3,Bexley,North End
192,76.7,78.9,86.0,18.863361547763,17.5,33.3,27.9,7.1,Hillingdon,Northwood Hills
193,42.3,79.1,89.8,12.5722668047286,6.6,34.2,47.9,19.4,Hammersmith and Fulham,North End
194,90.9,79.9,85.2,26.9184445973847,9.5,41.7,32.2,11.9,Barking and Dagenham,Eastbury
195,79.3,77.3,84.6,24.067067927773,9.0,24.8,19.8,5.7,Sutton,Wandle Valley
196,50.0,79.5,85.4,15.362792297111401,11.7,18.9,31.5,8.2,Haringey,Highgate
197,64.2,76.7,80.5,17.0190820010315,9.7,23.5,30.9,9.3,Islington,Highbury East
198,91.0,79.6,83.9,20.2866214708659,11.4,65.3,56.5,24.8,Harrow,Edgware
199,83.0,81.1,83.7,20.7893607893608,13.4,20.0,21.5,6.1,Sutton,Worcester Park
200,50.0,79.4,83.6,20.029164522216497,13.4,28.1,21.6,6.7,Redbridge,Bridge
201,59.2,80.6,84.0,20.6210327671985,15.7,19.7,16.7,3.7,Hillingdon,Cavendish
202,69.2,81.6,82.6,22.841464460258898,11.0,66.3,48.4,19.8,Harrow,Roxeth
203,51.8,84.5,89.4,16.0679238842905,18.9,19.7,15.7,2.2,Croydon,Selsdon and Ballards
204,53.4,74.9,82.7,22.3197545594,7.9,51.6,35.1,10.9,Hackney,Wick
205,52.6,80.7,84.8,15.0425894378194,9.7,29.0,43.4,16.1,Camden,Fortune Green
206,40.0,77.0,89.9,16.2782786188127,6.9,25.9,31.3,9.0,Haringey,Stroud Green
207,54.3,73.4,76.4,23.163265306122398,11.4,61.7,52.7,27.2,Westminster,Church Street
208,56.8,74.9,80.6,19.2470747837884,9.0,33.7,32.9,10.4,Islington,Hillrise
209,65.8,79.2,83.5,21.610852055955895,9.9,20.5,26.8,8.5,Haringey,Alexandra
210,69.5,75.8,81.6,20.4029800203183,11.7,36.6,30.7,5.3,Southwark,College
211,62.3,76.7,80.1,14.819827440365401,9.8,25.6,32.0,9.5,Islington,St. Peter's
212,34.1,76.9,81.5,14.506459511947998,7.2,49.2,50.9,22.4,Camden,King's Cross
213,68.8,77.9,84.8,15.4150863885377,17.6,30.2,27.2,6.5,Redbridge,Snaresbrook
214,78.6,77.9,82.5,22.354920100925103,12.7,28.4,20.4,5.1,Bexley,Belvedere
215,43.4,74.0,81.9,15.9607481338589,10.1,33.9,40.5,13.4,Hammersmith and Fulham,Hammersmith Broadway
216,46.0,77.2,82.5,16.1844863731656,9.1,31.9,35.9,12.6,Camden,Cantelowes
217,86.2,75.8,81.1,24.1693865595447,10.6,25.5,22.6,8.1,Sutton,St. Helier
218,89.7,74.9,82.9,21.3242047257243,9.8,34.8,33.8,11.7,Hounslow,Isleworth
219,52.2,78.7,81.3,16.3062536528346,21.3,17.7,11.4,1.7,Havering,Emerson Park
220,68.8,77.7,85.2,21.1949265687583,11.6,75.0,57.5,26.2,Harrow,Queensbury
221,55.6,80.0,85.6,17.912564658768602,14.0,25.8,48.5,14.6,Camden,Frognal and Fitzjohns
222,56.0,85.6,88.7,10.6329747310483,10.6,37.2,61.3,28.8,Westminster,Bryanston and Dorset Square
223,40.0,77.0,83.3,15.3929313929314,10.7,30.6,34.7,11.5,Islington,Junction
224,77.5,77.1,92.1,18.8964600299152,8.5,49.0,48.2,17.9,Westminster,Harrow Road
225,59.4,72.0,78.9,17.311845821565,11.2,40.1,47.9,18.7,Camden,Kilburn
226,68.0,80.3,83.8,22.7499169711059,10.3,37.2,28.2,8.7,Redbridge,Roding
227,63.1,77.2,83.0,17.886786188579,15.9,30.2,23.4,5.9,Hillingdon,Uxbridge North
228,106.7,78.3,82.8,23.637268729776803,11.7,31.4,23.1,5.6,Bexley,Erith
229,55.6,77.9,83.0,12.545605306799299,8.4,30.5,43.3,13.9,Camden,West Hampstead
230,54.1,80.9,83.5,15.2979199469628,16.3,43.7,59.9,23.7,Westminster,Regent's Park
231,50.0,74.7,84.1,17.3376408217363,9.7,28.2,29.7,9.1,Islington,Canonbury
232,117.0,77.9,83.8,27.1622292045642,6.8,52.7,38.1,7.6,Bexley,Thamesmead East
233,57.9,83.7,86.2,16.7229868952444,17.2,70.0,53.9,19.6,Brent,Kenton
234,54.3,80.5,87.4,17.7812551474222,20.0,20.2,17.5,3.7,Hillingdon,Eastcote and East Ruislip
235,85.0,77.5,87.1,24.2040312628548,11.0,32.4,28.9,11.3,Hounslow,Hanworth
236,52.6,72.7,85.4,14.792607802874699,7.6,40.1,47.2,16.4,Hammersmith and Fulham,Shepherd's Bush Green
237,86.9,75.8,82.8,20.8213788015411,9.4,50.0,43.2,17.1,Hillingdon,Heathrow Villages
238,45.1,75.0,79.5,14.884025899516402,9.4,28.9,35.5,10.9,Islington,Barnsbury
239,60.9,77.1,83.5,18.711103832296104,6.6,34.7,32.0,10.6,Hackney,Clissold
240,43.0,79.2,82.9,12.352652259331999,10.2,35.5,52.2,20.4,Hammersmith and Fulham,Avonmore and Brook Green
241,65.1,81.8,85.7,19.1849068931722,19.6,15.4,11.8,1.5,Croydon,Coulsdon East
242,70.6,75.5,82.0,19.216646266829898,7.8,38.1,30.3,8.3,Bromley,Crystal Palace
243,75.1,78.9,84.3,20.694999592136398,10.6,62.9,51.6,20.2,Harrow,Marlborough
244,45.4,80.6,85.2,16.5878323275159,19.7,7.3,7.3,1.7,Havering,Hacton
245,78.4,81.2,84.2,20.814995925020398,11.7,52.6,44.2,15.1,Harrow,Harrow on the Hill
246,111.6,75.1,84.8,27.451140065146603,8.4,30.5,31.4,13.1,Hackney,Lordship
247,80.8,77.2,83.2,20.8414713541667,10.9,76.6,54.7,23.9,Hounslow,Heston Central
248,83.5,85.6,86.2,20.383147982790803,10.5,77.4,56.5,26.1,Hounslow,Heston East
249,76.7,81.2,82.9,17.5229283337391,8.7,28.2,25.9,5.6,Southwark,East Dulwich
250,117.4,78.4,86.8,21.3787510137875,10.1,73.9,56.2,26.5,Hounslow,Cranford
251,82.1,77.6,83.8,20.1957295373665,12.6,27.0,23.2,7.7,Hillingdon,South Ruislip
252,65.9,76.7,81.4,19.4920737625364,11.1,37.1,36.3,10.7,Camden,Haverstock
253,77.1,77.2,81.6,21.700476844742603,7.9,21.4,27.5,9.5,Kingston upon Thames,Canbury
254,126.5,80.2,84.2,33.1879140410406,6.9,44.9,39.4,18.2,Hackney,Springfield
255,59.1,78.1,82.3,15.8612343686971,8.9,18.0,29.2,7.6,Haringey,Crouch End
256,44.6,75.4,82.9,16.2258064516129,9.1,28.1,32.8,10.6,Islington,St. George's
257,65.5,77.9,81.6,23.738106756974698,10.9,20.1,22.0,3.5,Southwark,Village
258,61.0,76.1,79.1,13.6652969140279,6.1,37.6,41.5,15.9,Tower Hamlets,St. Katherine's and Wapping
259,63.3,76.4,82.1,16.8276972624799,10.4,58.5,52.7,20.7,Harrow,Greenhill
260,87.3,79.7,82.5,22.969930857051,10.3,76.2,51.1,23.9,Hounslow,Heston West
261,50.1,74.9,85.9,15.958216151064699,7.0,39.9,36.6,13.0,Hackney,Stoke Newington Central
262,130.2,73.4,83.6,31.4969482814006,6.1,60.4,48.2,18.7,Barking and Dagenham,Gascoigne
263,46.0,87.9,91.3,12.7427379232868,9.9,44.7,64.2,34.1,Westminster,Hyde Park
264,63.2,76.9,84.5,17.9207444248356,19.4,13.7,10.9,2.1,Havering,Elm Park
265,72.9,81.1,87.2,18.362601234864897,19.6,48.4,40.1,12.5,Harrow,Canons
266,64.2,77.2,82.0,18.9953533087646,17.5,15.7,10.9,2.4,Havering,Rainham and Wennington
267,49.2,81.5,87.3,21.2764253683536,11.0,20.1,27.5,8.3,Haringey,Fortis Green
268,57.9,77.9,86.0,18.6117102004952,16.6,11.3,13.9,3.4,Greenwich,Eltham North
269,65.8,79.0,85.2,20.661025067858898,7.9,40.5,37.0,10.1,Lambeth,Thornton
270,47.0,80.8,84.5,17.233397190293697,23.5,5.6,6.0,1.1,Havering,Cranham
271,61.9,77.4,85.8,16.2586715572921,15.7,16.8,17.5,4.6,Greenwich,Eltham South
272,68.7,75.0,80.3,17.5964297099139,7.7,52.7,40.5,12.8,Hackney,Hackney Central
273,128.2,79.9,82.8,28.882160784001304,7.7,39.3,40.2,19.4,Hackney,New River
274,83.3,76.8,83.8,21.7702777998886,9.5,52.6,43.3,15.2,Westminster,Queen's Park
275,61.6,76.7,81.0,21.925218774860802,16.8,16.3,13.0,2.5,Havering,Heaton
276,68.7,81.0,85.7,20.2791656753113,14.8,64.2,40.5,12.8,Redbridge,Barkingside
277,99.6,77.9,80.7,19.3591878816718,9.3,58.7,45.7,18.4,Waltham Forest,Forest
278,56.3,79.6,84.4,15.373027828431,11.3,26.4,38.8,12.1,Camden,Camden Town with Primrose Hill
279,83.5,81.6,86.0,22.8014577721439,12.5,43.9,30.1,9.7,Hillingdon,Charville
280,56.9,76.4,84.6,19.684852324016198,7.1,44.1,35.8,7.7,Southwark,South Camberwell
281,89.8,80.2,81.1,20.8471892319873,13.1,34.9,25.1,8.2,Redbridge,Fairlop
282,60.4,79.8,82.6,17.4466403162055,17.4,10.1,9.4,2.5,Havering,Harold Wood
283,95.8,76.4,81.5,17.4435139832517,11.2,75.9,62.6,29.4,Hounslow,Hounslow West
284,57.5,74.7,83.2,18.1293941069595,8.2,31.0,32.2,10.5,Haringey,Hornsey
285,79.3,74.9,81.6,21.3622047244094,6.8,61.0,50.1,20.0,Waltham Forest,Cathall
286,83.9,77.3,80.9,22.234469726793197,11.2,35.7,31.0,12.5,Hounslow,Bedfont
287,83.4,82.3,83.9,17.4460714848055,12.0,27.8,46.3,14.0,Camden,Belsize
288,60.0,82.5,86.1,17.6095680226611,18.8,19.6,22.1,6.4,Enfield,Grange
289,69.0,73.8,78.0,21.8198918410534,9.5,52.8,51.5,24.1,Westminster,Westbourne
290,48.6,78.2,81.8,17.9153605015674,8.4,30.6,39.0,11.8,Hammersmith and Fulham,Sands End
291,55.7,82.5,84.2,19.558581826719898,18.5,19.5,13.7,1.7,Croydon,Sanderstead
292,83.3,77.5,83.0,20.524256651017197,12.9,75.4,44.5,15.1,Redbridge,Cranbrook
293,103.7,82.9,87.2,24.440794619114698,5.0,71.9,57.3,25.7,Barking and Dagenham,Abbey
294,39.4,80.7,81.6,16.6887830770432,13.2,68.8,53.3,19.8,Brent,Northwick Park
295,62.1,75.0,84.5,24.454318677892104,9.8,66.3,48.4,20.9,Harrow,Roxbourne
296,38.6,80.1,81.6,16.7770591443934,22.5,4.8,6.1,0.9,Havering,Upminster
297,65.5,78.3,83.5,23.2416854895241,7.0,60.7,45.9,14.6,Southwark,Faraday
298,43.3,77.8,82.1,15.6084656084656,6.8,24.3,33.5,7.6,Lambeth,Clapham Common
299,69.3,79.4,83.8,16.2796116504854,15.0,16.9,23.0,5.2,Greenwich,Blackheath Westcombe
300,60.0,76.8,84.0,16.422082459818302,7.5,47.6,42.6,15.4,Waltham Forest,Leytonstone
301,68.6,81.6,85.0,16.4883720930233,11.6,32.4,51.2,17.8,Camden,Swiss Cottage
302,83.7,77.6,83.5,23.113280644661398,11.9,34.4,23.3,6.4,Hillingdon,Hillingdon East
303,75.1,78.8,83.2,21.5491866769946,15.6,48.5,29.6,8.0,Redbridge,Fullwell
304,65.3,80.2,89.2,19.4192799070848,18.1,11.5,9.3,2.5,Havering,Mawneys
305,48.5,76.9,81.0,18.255012773863896,7.8,34.5,33.8,10.6,Islington,Mildmay
306,67.4,74.9,83.3,18.8839873074839,7.2,51.7,39.5,15.5,Hackney,Hackney Downs
307,60.3,74.0,80.9,19.2596027513718,7.8,40.7,32.0,11.3,Tower Hamlets,Bow West
308,43.1,77.8,84.5,17.634342186534898,16.2,9.7,7.9,1.7,Havering,Hylands
309,80.4,78.1,83.8,23.0448544738671,14.1,29.8,22.2,7.4,Redbridge,Hainault
310,59.6,81.0,83.9,17.020455422616802,20.8,8.7,7.4,1.7,Havering,Pettits
311,72.0,74.9,81.1,22.343786116033602,9.3,33.8,27.7,10.0,Hillingdon,Yiewsley
312,58.0,75.3,79.0,21.2692307692308,15.9,12.0,9.1,1.5,Havering,Havering Park
313,50.7,81.5,90.5,16.9075811164078,18.5,20.8,20.9,5.4,Enfield,Highlands
314,67.2,80.3,84.7,16.7933655839668,12.1,43.8,47.2,16.2,Brent,Brondesbury Park
315,40.3,75.6,82.8,12.8618597865315,9.4,39.8,45.6,16.3,Camden,Holborn and Covent Garden
316,86.3,80.0,84.7,18.1797252705088,12.0,54.4,46.0,15.7,Hounslow,Osterley and Spring Grove
317,75.2,79.0,83.6,18.6112387077017,16.9,18.3,15.6,3.6,Greenwich,Coldharbour and New Eltham
318,103.0,79.9,83.2,24.087535389088696,8.0,75.2,46.3,18.5,Redbridge,Goodmayes
319,73.3,78.8,90.7,19.6599362380446,7.1,53.3,40.6,10.7,Southwark,Brunswick Park
320,107.4,75.8,88.0,24.4808246172503,7.6,51.9,40.3,15.7,Waltham Forest,Higham Hill
321,63.0,81.6,89.5,17.7656510535092,16.3,11.5,9.4,1.3,Havering,Squirrel's Heath
322,46.5,93.7,88.1,11.5953012504737,8.4,33.7,64.6,32.2,Westminster,Lancaster Gate
323,55.1,78.9,82.2,17.3406027563229,7.0,47.9,41.2,16.7,Tower Hamlets,Weavers
324,56.9,84.1,83.7,19.049421024748398,15.9,24.6,16.9,2.8,Croydon,Heathfield
325,62.9,79.4,86.8,20.6409190537374,7.4,44.2,34.0,10.4,Hackney,Victoria
326,63.2,72.5,81.4,21.9543530834341,6.9,54.4,41.3,14.4,Hackney,Chatham
327,63.8,84.0,85.4,21.901669058228197,14.3,71.0,38.8,10.9,Redbridge,Clayhall
328,102.7,77.5,80.7,22.413143416987,8.0,51.8,43.6,16.9,Waltham Forest,William Morris
329,64.0,78.4,81.8,14.7679324894515,7.5,34.5,49.2,24.3,Haringey,Harringay
330,46.2,72.4,80.8,17.7221846593043,8.0,35.8,34.5,12.6,Islington,Tollington
331,66.8,79.0,85.5,17.9594898724681,10.5,27.1,38.0,14.1,Ealing,Walpole
332,65.7,77.1,79.1,16.4016799160042,20.9,7.2,7.7,1.6,Havering,St. Andrew's
333,74.3,73.4,78.7,23.895462033847497,5.7,66.0,43.5,20.0,Tower Hamlets,Mile End East
334,102.1,75.3,83.2,23.3019150209455,9.2,50.4,38.7,14.4,Waltham Forest,Wood Street
335,65.0,75.6,86.2,19.7427460364942,9.5,47.8,54.6,25.9,Haringey,West Green
336,70.6,78.1,85.9,22.6603928598103,9.0,50.6,45.0,14.3,Hammersmith and Fulham,Wormholt and White City
337,116.6,74.4,86.7,28.3751493428913,5.4,43.3,36.4,16.4,Hackney,Cazenove
338,68.8,78.5,81.5,18.421248974110302,14.9,23.8,27.0,8.1,Enfield,Winchmore Hill
339,91.8,73.7,77.4,24.054880322123605,6.6,53.5,46.9,19.6,Newham,Custom House
340,55.2,73.5,78.4,15.800849668331198,9.6,28.4,34.2,10.4,Camden,Kentish Town
341,81.2,79.8,87.5,25.065176908752303,11.3,64.3,54.5,22.0,Brent,Dollis Hill
342,73.0,74.2,79.0,27.4067455885638,8.4,52.5,44.6,19.2,Haringey,White Hart Lane
343,87.2,78.0,86.2,20.7474130871734,12.4,33.5,23.8,5.2,Greenwich,Shooters Hill
344,57.5,85.5,82.9,12.169705991812402,5.7,30.9,42.7,15.4,Southwark,Surrey Docks
345,103.1,81.2,82.4,21.1846119502939,10.5,93.7,64.1,36.0,Ealing,Southall Broadway
346,94.0,82.2,90.2,20.8627742655262,11.8,62.7,55.9,21.9,Brent,Fryent
347,58.7,80.0,82.8,20.1055840582943,15.3,25.2,16.9,2.4,Croydon,Coulsdon West
348,75.1,75.6,82.5,24.3215108930032,9.6,68.4,45.4,19.0,Hillingdon,Barnhill
349,74.3,80.7,86.7,17.307406857651802,10.0,20.8,36.2,10.7,Ealing,Southfield
350,75.3,76.8,84.7,21.9326175490559,14.2,24.0,22.3,5.6,Greenwich,Middle Park and Sutcliffe
351,63.4,84.2,85.2,18.8281423392765,11.0,23.2,36.2,11.1,Ealing,Northfield
352,75.6,75.6,81.2,20.2914632342062,8.0,35.8,28.8,5.9,Southwark,Peckham Rye
353,53.5,74.8,83.8,15.915138971023099,9.6,44.3,45.2,15.6,Camden,Regent's Park
354,63.2,76.9,81.8,21.0351447135263,16.6,16.4,11.8,2.5,Havering,South Hornchurch
355,80.3,73.0,79.4,19.1382617677438,9.5,34.2,36.7,13.5,Hounslow,Syon
356,105.9,78.4,82.4,25.813337258943,7.6,64.1,42.7,17.4,Hillingdon,Yeading
357,70.4,71.2,77.3,19.6182085168869,8.9,55.5,39.0,9.1,Southwark,Nunhead
358,97.6,75.9,78.0,23.166617776474,7.8,58.2,45.8,19.0,Waltham Forest,Markhouse
359,61.1,76.8,84.0,21.0615057547101,8.8,36.3,30.3,8.7,Lambeth,Thurlow Park
360,53.7,77.7,81.5,16.103496298468098,7.0,39.9,37.8,11.7,Hackney,De Beauvoir
361,61.4,84.2,88.5,18.342978536371,20.9,9.2,10.6,1.8,Bromley,Petts Wood and Knoll
362,69.8,75.9,82.6,17.542062911485,8.2,44.7,38.3,11.8,Hackney,Queensbridge
363,111.4,78.1,82.9,24.2612638970158,11.6,73.3,41.1,13.5,Redbridge,Mayfield
364,54.5,73.6,78.6,18.5558722502375,7.0,49.4,38.7,15.0,Tower Hamlets,Bethnal Green North
365,70.1,77.2,83.0,22.4912485414236,8.1,44.9,30.6,7.7,Lambeth,Gipsy Hill
366,61.9,74.2,81.6,18.6739526411658,9.2,39.8,48.5,21.5,Haringey,Bounds Green
367,54.8,76.3,79.2,17.2378665502438,7.4,40.9,43.4,15.2,Southwark,Rotherhithe
368,85.0,81.2,88.5,21.3480695121064,11.4,61.3,55.0,22.9,Brent,Welsh Harp
369,63.5,76.8,80.8,22.1915419270455,13.2,23.4,21.0,7.0,Enfield,Chase
370,60.5,77.2,81.1,20.5297532656023,7.2,44.8,41.1,14.6,Southwark,South Bermondsey
371,57.8,78.2,85.2,18.1112642344237,15.3,33.2,36.2,14.0,Enfield,Southgate Green
372,46.1,81.5,86.8,17.2251232956194,19.0,26.3,30.5,9.5,Enfield,Cockfosters
373,37.9,75.5,81.7,14.5922435665096,7.3,29.3,35.2,7.8,Lambeth,Clapham Town
374,106.8,77.0,81.3,21.689977534604,7.1,57.0,48.8,18.2,Waltham Forest,Cann Hall
375,75.8,75.5,85.3,19.959473150962502,9.4,49.0,42.4,17.9,Camden,St. Pancras and Somers Town
376,47.2,78.2,83.4,15.526334802398699,11.1,38.2,29.3,9.8,Hillingdon,Brunel
377,92.8,71.3,76.9,21.8736477715275,7.9,90.8,60.2,31.5,Newham,East Ham North
378,49.2,75.5,81.9,15.2489925158319,9.0,34.7,37.3,14.4,Islington,Caledonian
379,91.3,78.2,81.9,20.1986040152551,11.0,83.5,55.9,25.2,Ealing,Lady Margaret
380,39.8,73.8,84.1,15.9882048331415,5.7,45.6,45.9,17.4,Hackney,Haggerston
381,76.8,77.0,82.3,22.393961179007896,11.6,82.1,56.0,29.1,Ealing,Dormers Wells
382,79.1,75.9,81.7,21.075330649798698,8.8,49.9,42.8,17.2,Waltham Forest,Hoe Street
383,61.1,79.6,84.0,18.0205415499533,17.2,26.8,25.7,7.7,Enfield,Bush Hill Park
384,53.0,74.8,84.7,19.097496233589197,8.5,45.2,51.7,25.4,Haringey,Noel Park
385,36.6,75.1,81.8,13.2627512697618,9.6,37.9,30.9,10.0,Hillingdon,Uxbridge South
386,87.6,76.7,87.0,19.0054933295284,9.5,81.8,66.8,32.3,Brent,Alperton
387,49.6,77.0,86.3,15.222198444967502,11.3,31.5,43.1,15.4,Ealing,Ealing Common
388,49.7,79.7,85.0,14.5484353838477,11.9,30.5,44.3,18.6,Ealing,Ealing Broadway
389,70.7,78.2,79.9,20.6242873432155,10.7,78.0,50.7,25.6,Ealing,Norwood Green
390,71.9,73.7,78.1,21.091245815229,7.0,52.7,40.7,17.3,Hackney,Leabridge
391,56.8,77.4,82.4,18.3845003205357,10.9,30.2,29.3,7.4,Lewisham,Blackheath
392,68.2,74.6,85.1,16.9240623443171,8.3,30.6,33.0,10.4,Greenwich,Peninsula
393,85.4,78.5,83.8,17.2443242473845,10.6,38.6,47.5,23.3,Enfield,Bowes
394,103.4,75.8,86.7,24.116143688769004,8.0,48.5,36.9,14.1,Waltham Forest,Chapel End
395,94.6,74.8,79.4,23.1958032043102,9.8,62.9,44.7,18.1,Hillingdon,Townfield
396,99.7,75.9,86.4,24.031721305671603,8.7,77.6,50.3,21.0,Redbridge,Valentines
397,97.4,78.4,81.7,19.5087421250088,7.6,50.7,44.4,18.0,Waltham Forest,High Street
398,80.0,77.0,81.5,23.568546960152897,9.1,62.2,44.3,11.9,Southwark,Livesey
399,48.1,77.5,83.2,17.282116581777,8.5,48.2,42.5,13.6,Southwark,Newington
400,47.1,74.3,82.1,18.0159796365693,7.2,52.7,40.0,12.1,Lambeth,Vassall
401,50.8,74.6,78.2,17.217514124293803,7.8,37.0,42.5,14.8,Hammersmith and Fulham,Askew
402,51.0,80.8,84.9,12.718926553672302,7.7,18.8,29.0,5.7,Wandsworth,Shaftesbury
403,51.0,77.1,87.3,19.709162784131,5.3,64.3,45.5,23.1,Tower Hamlets,Bethnal Green South
404,83.6,79.0,80.7,24.280879864636198,7.4,63.5,48.8,20.8,Waltham Forest,Leyton
405,77.7,77.5,86.0,22.6017288635884,11.3,37.7,40.7,17.2,Ealing,Hobbayne
406,71.4,77.5,82.7,25.791283598849002,11.3,50.5,29.5,6.8,Lewisham,Whitefoot
407,90.5,77.9,81.8,24.668583853545602,10.3,56.9,31.6,9.9,Redbridge,Chadwell
408,65.9,74.5,81.5,16.8980507642687,9.3,43.4,38.5,12.4,Lambeth,Prince's
409,57.1,76.4,79.9,18.3201290051181,8.4,37.9,37.8,12.4,Lambeth,Streatham Hill
410,71.4,83.0,85.4,20.628147733631803,16.7,30.9,19.7,3.9,Croydon,Shirley
411,73.2,76.2,84.1,20.3216783216783,11.9,33.6,27.3,7.6,Greenwich,Kidbrooke with Hornfair
412,69.3,81.3,84.5,20.6682477678571,10.9,52.5,44.5,15.8,Lambeth,Streatham South
413,94.4,79.0,84.0,20.9631333193951,11.9,49.0,50.1,21.9,Ealing,Greenford Green
414,62.7,76.7,85.7,17.9126315056086,9.9,33.9,38.3,15.0,Hounslow,Brentford
415,92.0,77.2,82.2,23.7965865552072,11.9,50.9,40.8,16.9,Enfield,Jubilee
416,46.8,74.2,78.8,18.4148210057111,8.5,42.9,41.6,17.5,Islington,Finsbury Park
417,77.9,75.3,81.9,22.7557411273486,11.5,33.5,27.6,9.2,Hillingdon,West Drayton
418,74.1,76.2,81.4,25.512972108228396,11.5,37.9,31.0,14.1,Enfield,Turkey Street
419,89.3,74.1,79.9,21.8143899895725,10.7,36.2,31.0,9.4,Greenwich,Charlton
420,50.0,78.0,80.8,12.4461431549687,6.4,31.2,40.5,12.7,Southwark,Riverside
421,81.7,73.8,84.0,27.0427611061058,7.9,60.9,53.5,25.5,Haringey,Northumberland Park
422,67.0,81.1,85.4,18.8390756883908,14.1,31.6,33.2,11.7,Enfield,Southgate
423,80.8,76.3,83.0,26.7334254143646,5.8,70.4,43.5,22.0,Tower Hamlets,Bromley-by-Bow
424,83.9,75.2,83.0,22.460816129255,8.4,55.9,55.5,23.5,Haringey,Bruce Grove
425,87.5,79.6,81.3,24.982765752102605,9.5,36.2,30.2,12.0,Enfield,Southbury
426,52.6,83.0,85.6,19.2941338664093,18.7,9.7,9.7,1.3,Bromley,Chelsfield and Pratts Bottom
427,59.0,74.0,84.4,19.1883698498002,8.5,43.2,54.2,25.6,Haringey,Woodside
428,63.6,74.5,79.2,18.325869789872502,8.9,45.4,35.4,9.4,Lewisham,Ladywell
429,71.4,74.8,85.5,19.698741316459202,9.7,34.9,40.6,16.9,Ealing,Elthorne
430,69.2,77.4,82.2,23.0060506050605,12.4,61.3,38.4,12.8,Redbridge,Aldborough
431,69.1,76.2,82.3,17.0378006872852,7.6,38.9,40.4,15.8,Lambeth,St. Leonard's
432,59.1,76.8,85.9,21.706278334936105,11.9,36.9,39.6,15.1,Ealing,Cleveland
433,66.7,74.3,81.8,24.7065284547264,12.7,41.7,24.8,6.2,Lewisham,Downham
434,78.0,77.1,81.2,19.309682289164897,10.9,33.7,28.9,8.1,Lewisham,Lee Green
435,51.1,78.2,82.6,14.6415094339623,7.5,27.6,30.3,8.3,Wandsworth,Bedford
436,111.7,75.9,87.1,22.326634199876498,8.2,91.4,63.3,36.7,Ealing,Southall Green
437,64.6,72.5,82.8,20.418381344307303,8.2,52.8,55.0,25.8,Haringey,Tottenham Green
438,80.5,74.4,80.8,19.042728019720602,7.1,53.2,53.0,21.2,Waltham Forest,Grove Green
439,79.6,79.6,83.6,19.4632710344355,15.0,31.6,23.1,5.0,Croydon,Purley
440,46.2,77.2,80.3,12.6736467528913,6.7,22.1,32.5,7.1,Wandsworth,Fairfield
441,53.1,79.6,86.6,18.630399125205,23.0,9.5,10.0,1.4,Bromley,Farnborough and Crofton
442,76.2,73.6,81.8,18.247028282552304,8.5,45.7,54.7,25.9,Haringey,St. Ann's
443,44.5,75.5,82.1,13.4503722931894,7.9,34.5,41.9,16.6,Islington,Bunhill
444,66.4,77.2,82.2,20.8287820862916,12.6,37.5,26.9,7.0,Lewisham,Grove Park
445,93.1,76.7,81.2,26.639847265784802,7.4,84.2,55.6,25.1,Redbridge,Clementswood
446,63.3,75.3,79.2,16.2068260780707,9.5,21.4,27.7,6.7,Wandsworth,Nightingale
447,68.6,76.3,80.4,23.2371358562483,12.9,12.8,10.7,2.6,Havering,Gooshays
448,87.7,79.8,87.4,20.288180520628,11.4,56.4,51.4,22.1,Ealing,North Greenford
449,89.0,75.8,77.8,24.2663043478261,6.2,70.8,47.6,12.3,Southwark,Peckham
450,60.0,78.5,82.3,21.7784117926771,13.2,36.7,22.3,4.8,Croydon,Ashburton
451,88.1,76.8,88.2,18.2114483601548,9.7,86.0,68.5,32.9,Brent,Wembley Central
452,97.2,76.0,87.6,23.114008284104,7.8,72.6,58.0,27.7,Hounslow,Hounslow Heath
453,57.2,80.9,79.8,16.4595640660012,6.2,44.5,40.8,14.0,Hackney,Dalston
454,50.4,75.6,79.9,17.799484466151103,13.3,22.9,34.4,9.5,Wandsworth,West Putney
455,59.5,79.3,84.4,15.687072062911,7.8,19.4,28.5,6.5,Wandsworth,Balham
456,73.7,74.4,79.4,23.2473074578338,9.0,47.7,35.3,11.6,Lambeth,Knight's Hill
457,94.4,74.5,86.2,26.335748628699104,8.6,68.2,45.3,18.5,Hillingdon,Pinkwell
458,76.6,75.2,79.1,25.1573604060914,10.2,51.3,29.6,6.2,Lewisham,Bellingham
459,64.2,71.3,80.8,17.4616061159597,7.4,39.9,30.9,10.9,Tower Hamlets,Bow East
460,72.4,74.6,75.9,22.9574611748818,7.7,59.2,47.9,18.6,Newham,Canning Town North
461,59.7,81.2,83.0,17.982604005124397,21.5,12.0,12.7,1.9,Bromley,Chislehurst
462,63.7,81.4,82.9,15.1731572564344,8.8,12.3,31.4,5.8,Wandsworth,Thamesfield
463,89.0,78.6,80.3,25.239121648929,6.5,82.2,59.8,29.7,Newham,Wall End
464,74.1,76.5,80.4,21.1188905345362,10.0,38.2,31.1,8.2,Lewisham,Forest Hill
465,102.2,74.9,81.8,27.7676828857931,7.0,63.7,39.5,18.6,Tower Hamlets,East India and Lansbury
466,66.9,73.6,83.2,16.3706096083973,5.6,60.2,48.8,24.8,Tower Hamlets,Whitechapel
467,62.9,76.4,79.8,20.453170174141103,11.1,43.5,50.5,23.4,Ealing,South Acton
468,52.2,80.9,84.7,19.8535339962376,19.7,10.6,9.7,1.3,Bromley,West Wickham
469,61.6,79.9,83.8,20.1730846638937,14.9,18.0,17.1,4.4,Enfield,Town
470,68.6,75.4,77.7,19.327787468133604,8.3,43.1,41.2,14.2,Lambeth,Streatham Wells
471,94.6,76.7,83.1,19.5507877975193,9.0,52.3,50.2,21.9,Brent,Kensal Green
472,78.2,75.2,80.1,22.036739072137298,9.0,59.1,38.0,10.2,Lewisham,Rushey Green
473,84.4,78.5,86.4,19.5353819374707,9.1,39.6,30.1,7.0,Lewisham,Crofton Park
474,72.9,80.1,81.1,19.0361445783133,6.0,14.9,28.9,5.7,Wandsworth,Northcote
475,26.6,75.0,93.3,10.6887089217589,7.4,38.4,40.0,10.4,Southwark,Cathedrals
476,115.0,80.5,84.8,20.6622073578595,10.5,77.3,62.2,28.4,Brent,Sudbury
477,67.1,73.8,77.7,21.0670589021863,13.5,22.3,17.4,4.4,Havering,Brooklands
478,76.0,78.0,80.7,20.7603902178271,14.9,23.2,17.9,3.0,Croydon,Kenley
479,35.0,72.8,81.1,15.5776546752987,8.2,36.1,39.6,14.9,Islington,Holloway
480,45.7,80.7,85.1,13.273864998002901,11.0,20.6,39.4,9.3,Wandsworth,East Putney
481,54.4,75.3,85.1,15.189620758483,6.7,32.1,34.5,12.8,Islington,Highbury West
482,69.6,74.4,85.1,21.1881319850985,7.4,61.1,46.8,13.4,Southwark,Camberwell Green
483,37.5,74.8,82.6,12.5598722724854,6.2,40.4,41.7,11.8,Lambeth,Ferndale
484,94.5,75.6,82.0,24.9634162564853,9.1,60.2,42.7,17.9,Hillingdon,Botwell
485,76.0,85.3,88.1,20.399760940301498,9.7,55.9,56.2,23.8,Brent,Dudden Hill
486,69.1,75.7,78.3,23.645778013807803,7.8,57.4,53.5,22.3,Haringey,Tottenham Hale
487,57.7,78.3,81.5,19.2210888859452,19.8,14.5,15.7,2.7,Bromley,Bickley
488,99.6,80.5,86.6,18.417742469381,11.3,76.3,62.9,26.6,Brent,Tokyngton
489,42.1,77.1,79.8,13.9944392956441,7.2,36.9,42.6,15.0,Lambeth,Oval
490,67.3,74.3,82.8,18.3689680280665,7.2,39.6,35.3,10.8,Lambeth,Herne Hill
491,78.3,81.0,95.2,22.3891462607545,6.3,64.4,45.1,23.2,Tower Hamlets,Shadwell
492,86.8,80.7,86.6,21.015020181300898,7.4,89.3,61.1,32.7,Newham,Green Street West
493,63.5,79.8,83.6,20.743730563091397,16.6,12.8,12.1,1.9,Bromley,Bromley Common and Keston
494,102.2,78.6,86.0,25.553865485086998,9.8,55.1,41.5,18.6,Ealing,Northolt West End
495,68.7,77.8,81.2,19.6270334611824,14.8,19.3,16.9,3.9,Bromley,Plaistow and Sundridge
496,55.1,81.9,82.6,21.9932633247474,4.8,54.2,49.7,23.5,Newham,Beckton
497,73.2,85.1,85.8,20.0857802705378,12.2,72.9,57.7,24.1,Brent,Queensbury
498,68.7,80.3,83.0,20.1068672075994,16.8,34.3,37.6,13.7,Barnet,Totteridge
499,64.8,78.9,83.3,18.8431605329112,13.3,35.4,41.4,18.1,Enfield,Palmers Green
500,82.3,78.0,79.7,24.2152466367713,9.2,76.7,47.6,19.3,Redbridge,Seven Kings
501,81.6,78.5,87.0,18.5312149779155,9.5,70.7,64.5,29.5,Hounslow,Hounslow Central
502,47.7,77.9,84.0,15.862659812837698,6.2,46.5,44.8,16.6,Hackney,Hoxton
503,36.3,88.5,97.5,14.824087495058599,5.2,49.9,45.2,13.3,Southwark,Chaucer
504,91.7,77.6,85.0,23.506553382072102,10.7,51.7,44.1,19.5,Ealing,Northolt Mandeville
505,35.2,76.5,86.4,18.8940092165899,6.6,52.6,40.6,16.4,Tower Hamlets,Mile End and Globe Town
506,63.8,76.9,84.0,17.8707724700618,8.8,46.4,42.4,14.4,Wandsworth,Graveney
507,68.9,77.4,81.4,21.4670698041278,11.3,56.2,32.2,7.1,Lewisham,Catford South
508,72.8,76.7,79.6,18.6922017446055,8.1,17.8,25.7,4.5,Wandsworth,Wandsworth Common
509,76.3,80.4,87.9,17.983116288201,8.6,37.0,41.9,14.4,Brent,Queens Park
510,56.5,78.2,82.3,18.455608545110103,16.5,18.3,22.1,6.3,Barnet,High Barnet
511,57.0,79.1,84.6,19.1626934883417,21.2,12.6,11.9,2.3,Bromley,Orpington
512,97.6,75.3,79.5,23.5082908995952,7.1,81.5,56.2,27.6,Newham,Manor Park
513,88.3,82.6,87.0,20.1251711324076,11.0,54.6,55.4,26.7,Ealing,Perivale
514,59.1,73.0,81.5,18.9608021877849,8.5,44.5,39.7,11.5,Wandsworth,Latchmere
515,59.7,77.9,81.1,14.106236167165699,6.5,39.1,38.3,10.8,Southwark,Grange
516,61.5,77.4,82.4,13.169178794178801,16.8,17.4,20.3,4.6,Bromley,Copers Cope
517,75.1,81.3,90.7,19.66033577494,9.6,40.0,48.3,21.0,Ealing,Acton Central
518,70.1,77.6,81.1,22.1819359015863,15.9,14.6,12.3,2.5,Bromley,Cray Valley East
519,68.1,76.1,84.2,14.9598653547385,6.7,27.7,33.4,8.2,Wandsworth,Earlsfield
520,96.0,75.3,82.2,23.6005171299289,7.1,73.4,52.1,23.6,Newham,Plaistow North
521,100.4,80.1,86.2,20.427814398345603,12.4,70.0,57.3,22.8,Brent,Preston
522,74.2,77.2,81.4,22.045923632610897,9.8,43.1,36.7,12.9,Wandsworth,Furzedown
523,72.6,78.6,86.0,16.066713890141,8.3,43.4,52.3,21.3,Brent,Mapesbury
524,93.6,77.1,82.7,24.9919567595393,6.3,35.5,32.3,14.2,Hounslow,Feltham West
525,64.1,77.2,80.9,21.5998971127259,7.0,65.5,51.2,22.1,Newham,West Ham
526,77.7,78.8,84.7,19.7879177377892,11.5,20.6,17.3,3.9,Bromley,Clock House
527,71.1,83.2,88.2,18.9705031810295,12.8,43.1,53.1,23.8,Ealing,Hanger Hill
528,87.8,74.5,83.8,19.8393832316094,9.1,50.7,37.7,8.5,Southwark,The Lane
529,100.0,74.9,80.2,27.8523274478331,7.4,67.7,46.6,19.7,Newham,East Ham South
530,54.4,78.2,88.1,19.1634054019375,7.6,52.7,56.3,25.9,Brent,Willesden Green
531,71.8,75.4,80.3,20.1666132649792,11.9,41.8,30.2,7.1,Lewisham,Sydenham
532,73.5,76.2,80.8,20.687668075297697,9.6,42.5,30.5,7.2,Lewisham,Perry Vale
533,61.6,77.6,80.8,25.9001532175689,9.1,54.6,43.5,19.0,Enfield,Ponders End
534,107.0,73.2,77.7,23.891264118435302,8.4,64.8,50.4,21.2,Waltham Forest,Lea Bridge
535,105.3,74.3,81.1,26.853031074885397,9.6,46.3,32.0,7.6,Greenwich,Abbey Wood
536,72.1,82.4,86.3,18.7527839643653,16.5,33.1,40.9,14.5,Barnet,Finchley Church End
537,74.9,73.7,78.2,20.1891342980452,5.9,59.7,46.6,15.3,Lewisham,New Cross
538,63.2,77.4,81.4,21.0259336757339,6.6,52.6,38.6,11.3,Lambeth,Tulse Hill
539,79.0,79.6,82.7,20.8787725082425,12.3,69.7,56.5,22.9,Brent,Barnhill
540,77.8,78.9,83.3,18.2457251424953,12.0,31.3,24.3,6.5,Croydon,Croham
541,72.5,78.9,84.3,19.1006261463538,16.4,26.7,28.5,8.6,Barnet,Oakleigh
542,44.5,74.8,78.4,15.7050877414468,7.0,41.5,37.4,11.1,Lambeth,Brixton Hill
543,96.4,81.9,83.0,22.259993704752898,5.7,89.9,62.2,33.2,Newham,Green Street East
544,46.1,82.0,85.0,20.2554744525547,17.5,16.0,13.6,2.5,Bromley,Kelsey and Eden Park
545,48.9,80.5,86.7,20.042751163083103,17.9,8.3,8.7,1.0,Bromley,Hayes and Coney Hall
546,48.9,78.2,82.6,20.5717876217405,16.2,27.3,25.4,6.9,Barnet,Underhill
547,104.2,75.1,81.7,22.453980021360803,7.1,81.9,61.4,29.1,Newham,East Ham Central
548,70.0,76.4,81.0,17.6747691727907,14.0,16.4,16.6,5.6,Havering,Romford Town
549,73.5,82.7,87.3,20.3653713353004,16.3,21.4,36.0,10.9,Barnet,Garden Suburb
550,90.7,77.6,89.3,27.041583166332696,7.3,41.2,49.1,22.5,Haringey,Seven Sisters
551,89.0,75.6,82.4,24.940558127893897,7.5,78.1,54.8,26.4,Newham,Boleyn
552,70.3,77.0,79.3,22.275741273614397,6.2,56.8,43.8,19.7,Tower Hamlets,Limehouse
553,67.8,79.3,84.9,18.869222590531002,13.0,28.2,34.4,10.4,Barnet,East Finchley
554,59.8,74.5,85.9,21.0865216304076,7.1,54.5,47.5,19.9,Newham,Canning Town South
555,70.6,78.1,86.2,26.255693517189698,10.3,42.2,34.3,14.5,Enfield,Enfield Highway
556,82.2,78.1,82.8,20.992413878870803,11.0,51.3,33.9,9.0,Croydon,Upper Norwood
557,48.3,74.1,81.2,18.4540044631788,10.5,34.5,38.6,15.5,Wandsworth,Roehampton
558,65.8,80.5,84.5,20.7225630538514,13.7,23.4,23.4,7.2,Barnet,East Barnet
559,90.1,80.9,84.3,23.060304919449397,9.8,73.5,45.3,12.9,Croydon,Bensham Manor
560,92.9,71.6,77.3,23.7159748737529,8.5,65.2,39.8,19.8,Tower Hamlets,St. Dunstan's and Stepney Green
561,57.3,76.0,79.7,17.907506619865803,9.0,52.7,45.4,15.2,Wandsworth,Tooting
562,70.0,78.9,89.8,18.503937007874,7.7,24.4,34.8,9.0,Wandsworth,Southfields
563,69.6,74.2,79.8,21.2708371778311,6.9,64.1,50.5,21.0,Newham,Forest Gate North
564,83.4,81.0,83.4,25.4196642685851,9.3,54.3,46.0,22.1,Enfield,Haselbury
565,42.0,76.9,84.6,14.1877411058723,7.8,35.7,42.4,15.4,Wandsworth,Queenstown
566,55.2,83.8,83.2,20.6233988044406,14.4,31.6,30.9,10.2,Barnet,Brunswick Park
567,56.1,75.8,78.3,18.8452627728326,9.5,31.7,43.5,13.5,Wandsworth,West Hill
568,102.3,75.4,83.4,25.1097293343087,6.6,67.3,51.7,21.9,Newham,Plaistow South
569,53.8,76.4,78.8,19.5321067381504,7.0,49.4,36.9,10.9,Lewisham,Telegraph Hill
570,91.1,76.4,79.1,27.2876313073046,8.2,45.1,33.8,14.0,Enfield,Enfield Lock
571,73.7,81.5,82.8,21.018451080359302,13.4,62.3,43.6,13.0,Croydon,Norbury
572,75.6,75.6,84.4,21.297977963433798,9.9,52.3,32.1,8.2,Croydon,South Norwood
573,64.3,75.6,82.1,17.4320808374176,7.7,33.3,34.8,9.7,Greenwich,Greenwich West
574,111.2,75.7,79.8,27.451454842417302,9.2,58.9,46.1,19.5,Enfield,Lower Edmonton
575,64.6,79.9,81.6,17.5588217504385,12.5,39.2,44.7,19.0,Barnet,West Finchley
576,87.1,75.6,82.8,25.0256968377774,9.1,67.1,37.6,9.4,Croydon,Thornton Heath
577,64.6,72.5,76.2,13.916404928726699,10.4,28.2,38.9,11.3,Wandsworth,St. Mary's Park
578,74.2,79.2,80.9,17.587060172611498,11.7,48.7,42.3,13.7,Croydon,Fairfield
579,65.5,76.7,84.0,23.200626392820602,6.0,60.9,44.8,16.0,Lewisham,Evelyn
580,107.8,71.2,78.9,27.782119882162,6.7,82.0,54.5,27.3,Newham,Little Ilford
581,76.4,80.1,83.6,23.320181731229102,13.8,39.2,37.4,12.1,Barnet,Edgware
582,106.6,74.0,83.3,23.3568355640535,8.6,55.4,41.7,14.6,Greenwich,Plumstead
583,75.4,79.3,80.6,24.386310697007698,7.9,55.1,28.4,6.3,Croydon,Woodside
584,84.5,78.8,83.8,25.4474940334129,9.1,77.2,47.5,17.6,Redbridge,Newbury
585,68.2,76.6,82.6,23.6269306458346,14.9,13.9,10.9,2.5,Bromley,Cray Valley West
586,63.0,73.1,80.0,21.5622020972355,6.1,62.1,43.7,13.3,Lambeth,Coldharbour
587,73.4,78.0,81.1,19.3510043979555,13.9,18.5,19.9,4.9,Bromley,Bromley Town
588,64.9,76.8,81.4,18.6815139489427,9.7,43.6,34.5,10.2,Croydon,Addiscombe
589,72.6,75.1,87.9,28.190262083653803,8.7,76.5,48.8,17.2,Brent,Stonebridge
590,81.4,76.2,84.2,18.600270763435198,8.6,50.0,48.1,18.4,Brent,Kilburn
591,74.1,74.8,80.1,22.275575335246202,11.0,44.6,30.1,8.9,Croydon,Waddon
592,68.6,76.4,84.6,22.2306702538309,8.4,59.9,52.7,23.2,Barnet,Colindale
593,53.0,75.0,80.1,15.248309629284199,6.5,43.1,36.8,10.5,Lewisham,Brockley
594,106.9,71.9,80.6,25.8652837664608,8.0,67.0,52.9,23.0,Brent,Harlesden
595,38.8,74.0,79.2,16.6560343327727,6.2,43.3,42.2,13.0,Lambeth,Larkhall
596,72.5,76.7,81.1,19.7101449275362,10.3,35.0,36.1,13.6,Barnet,Coppetts
597,70.5,75.5,80.6,20.801108161145102,9.7,34.6,25.8,6.4,Bromley,Penge and Cator
598,61.8,74.6,77.2,19.410206197442697,6.5,68.2,54.8,25.5,Newham,Forest Gate South
599,88.4,75.4,76.7,25.8432139979279,9.2,58.0,48.4,22.7,Enfield,Upper Edmonton
600,85.8,78.2,84.3,19.8080680381565,11.4,50.6,53.6,24.7,Barnet,West Hendon
601,90.5,81.2,83.8,23.1060388828354,13.4,40.6,35.7,11.7,Barnet,Hale
602,67.4,71.4,77.6,18.3308494783905,8.4,51.6,41.2,12.4,Lewisham,Lewisham Central
603,81.5,77.6,82.5,25.050031448339,9.5,76.5,46.5,15.1,Croydon,West Thornton
604,100.5,73.9,85.4,26.9101091490942,5.9,57.6,41.8,13.6,Greenwich,Woolwich Common
605,57.8,78.6,81.1,18.7482219061166,13.6,37.6,41.0,16.2,Barnet,Woodhouse
606,93.5,77.4,81.2,23.4439716312057,11.0,57.3,48.6,22.2,Ealing,Greenford Broadway
607,49.1,78.5,79.7,15.4547501125619,5.6,59.2,54.9,23.5,Newham,Stratford and New Town
608,124.1,74.8,79.6,27.973703270377197,8.4,60.6,46.8,21.4,Enfield,Edmonton Green
609,77.3,73.9,78.9,24.5535467462819,8.7,65.6,40.1,11.5,Croydon,Selhurst
610,91.0,73.2,77.4,22.8606020582246,7.1,55.0,42.2,13.8,Greenwich,Glyndon
611,94.3,74.7,82.1,24.5814349234232,9.3,53.5,47.1,19.3,Barnet,Burnt Oak
612,63.8,80.7,86.6,22.8171914801366,13.1,36.1,34.4,10.2,Barnet,Mill Hill
613,88.4,80.1,85.3,20.0844521437852,11.9,36.3,48.2,20.3,Barnet,Hendon
614,83.8,75.3,83.8,25.7613124597898,7.1,68.6,46.2,16.9,Croydon,Broad Green
615,62.3,80.1,85.6,19.250507858441104,8.2,50.1,54.4,22.4,Ealing,East Acton
616,98.7,78.3,84.2,27.186736103730503,12.0,34.2,45.8,17.5,Barnet,Golders Green
617,84.4,73.8,80.2,23.6297071129707,6.2,49.0,39.4,13.3,Greenwich,Woolwich Riverside
618,75.1,77.4,83.4,17.804840450131,4.7,50.4,48.6,21.9,Tower Hamlets,Blackwall and Cubitt Town
619,122.5,74.3,77.5,28.6467308667005,4.7,57.6,41.8,12.1,Greenwich,Thamesmead Moorings
620,69.0,77.4,82.0,19.173026086089102,12.4,38.9,51.2,23.0,Barnet,Childs Hill
621,58.1,83.6,95.0,15.5605614278288,3.5,47.6,52.1,23.4,Tower Hamlets,Millwall
622,,,,29.0256286266925,7.5,83.5,53.2,23.7,Redbridge,Loxford
623,,,,18.3799147323543,6.9,44.3,44.9,17.8,Lambeth,Stockwell
